<?xml version="1.0" encoding="UTF-8"?>
<GenRun Id="impl_1" LaunchPart="xc7a100tcsg324-3" LaunchTime="1447438494">
  <File Type="WBT-USG" Name="usage_statistics_webtalk.html"/>
  <File Type="RDI-RDI" Name="fpglappy.vdi"/>
  <File Type="BG-DRC" Name="fpglappy.drc"/>
  <File Type="BG-BGN" Name="fpglappy.bgn"/>
  <File Type="BITSTR-SYSDEF" Name="fpglappy.sysdef"/>
  <File Type="BITSTR-MMI" Name="fpglappy.mmi"/>
  <File Type="BITSTR-BMM" Name="fpglappy_bd.bmm"/>
  <File Type="BITSTR-NKY" Name="fpglappy.nky"/>
  <File Type="BITSTR-RBT" Name="fpglappy.rbt"/>
  <File Type="BITSTR-MSK" Name="fpglappy.msk"/>
  <File Type="BG-BIN" Name="fpglappy.bin"/>
  <File Type="BG-BIT" Name="fpglappy.bit"/>
  <File Type="PLACE-SIMILARITY" Name="fpglappy_incremental_reuse_placed.rpt"/>
  <File Type="PLACE-CLK" Name="fpglappy_clock_utilization_placed.rpt"/>
  <File Type="PLACE-UTIL-PB" Name="fpglappy_utilization_placed.pb"/>
  <File Type="PLACE-DCP" Name="fpglappy_placed.dcp"/>
  <File Type="PWROPT-DRC" Name="fpglappy_drc_pwropted.rpt"/>
  <File Type="PLACE-CTRL" Name="fpglappy_control_sets_placed.rpt"/>
  <File Type="PWROPT-DCP" Name="fpglappy_pwropt.dcp"/>
  <File Type="OPT-HWDEF" Name="fpglappy.hwdef"/>
  <File Type="RUN-CONSTRS" Name="$PDATADIR/runs/impl_1/constrs_in.xml"/>
  <File Type="RUN-SRCS" Name="$PDATADIR/runs/impl_1/sources.xml"/>
  <File Type="RUN-STRAT" Name="$PDATADIR/runs/impl_1/impl_1.psg"/>
  <File Type="PLACE-IO" Name="fpglappy_io_placed.rpt"/>
  <File Type="PLACE-UTIL" Name="fpglappy_utilization_placed.rpt"/>
  <File Type="OPT-DCP" Name="fpglappy_opt.dcp"/>
  <File Type="OPT-DRC" Name="fpglappy_drc_opted.rpt"/>
  <File Type="PLACE-PRE-SIMILARITY" Name="fpglappy_incremental_reuse_pre_placed.rpt"/>
  <File Type="POSTPLACE-PWROPT-DCP" Name="fpglappy_postplace_pwropt.dcp"/>
  <File Type="PHYSOPT-DCP" Name="fpglappy_physopt.dcp"/>
  <File Type="PHYSOPT-DRC" Name="fpglappy_drc_physopted.rpt"/>
  <File Type="ROUTE-DCP" Name="fpglappy_routed.dcp"/>
  <File Type="ROUTE-DRC" Name="fpglappy_drc_routed.rpt"/>
  <File Type="ROUTE-DRC-PB" Name="fpglappy_drc_routed.pb"/>
  <File Type="ROUTE-PWR" Name="fpglappy_power_routed.rpt"/>
  <File Type="ROUTE-PWR-SUM" Name="fpglappy_power_summary_routed.pb"/>
  <File Type="ROUTE-STATUS" Name="fpglappy_route_status.rpt"/>
  <File Type="ROUTE-STATUS-PB" Name="fpglappy_route_status.pb"/>
  <File Type="ROUTE-TIMINGSUMMARY" Name="fpglappy_timing_summary_routed.rpt"/>
  <File Type="ROUTE-TIMING-PB" Name="fpglappy_timing_summary_routed.pb"/>
  <File Type="ROUTE-TIMING-RPX" Name="fpglappy_timing_summary_routed.rpx"/>
  <File Type="ROUTE-SIMILARITY" Name="fpglappy_incremental_reuse_routed.rpt"/>
  <File Type="ROUTE-CLK" Name="fpglappy_clock_utilization_routed.rpt"/>
  <File Type="POSTROUTE-PHYSOPT-DCP" Name="fpglappy_postroute_physopt.dcp"/>
  <File Type="POSTROUTE-PHYSOPT-TIMING" Name="fpglappy_timing_summary_postroute_physopted.rpt"/>
  <File Type="PA-TCL" Name="fpglappy.tcl"/>
  <File Type="POSTROUTE-PHYSOPT-TIMING-PB" Name="fpglappy_timing_summary_postroute_physopted.pb"/>
  <File Type="POSTROUTE-PHYSOPT-TIMING-RPX" Name="fpglappy_timing_summary_postroute_physopted.rpx"/>
  <FileSet Name="sources" Type="DesignSrcs" RelSrcDir="$PSRCDIR/sources_1">
    <Filter Type="Srcs"/>
    <File Path="$PSRCDIR/sources_1/new/display_8hex.v">
      <FileInfo>
        <Attr Name="UsedIn" Val="synthesis"/>
        <Attr Name="UsedIn" Val="implementation"/>
        <Attr Name="UsedIn" Val="simulation"/>
      </FileInfo>
    </File>
    <File Path="$PSRCDIR/sources_1/new/vga.v">
      <FileInfo>
        <Attr Name="UsedIn" Val="synthesis"/>
        <Attr Name="UsedIn" Val="implementation"/>
        <Attr Name="UsedIn" Val="simulation"/>
      </FileInfo>
    </File>
    <File Path="$PSRCDIR/sources_1/new/clock_quarter_divider.v">
      <FileInfo>
        <Attr Name="UsedIn" Val="synthesis"/>
        <Attr Name="UsedIn" Val="implementation"/>
        <Attr Name="UsedIn" Val="simulation"/>
      </FileInfo>
    </File>
    <File Path="$PSRCDIR/sources_1/new/fpglappy.v">
      <FileInfo>
        <Attr Name="UsedIn" Val="synthesis"/>
        <Attr Name="UsedIn" Val="implementation"/>
        <Attr Name="UsedIn" Val="simulation"/>
      </FileInfo>
    </File>
    <Config>
      <Option Name="DesignMode" Val="RTL"/>
      <Option Name="TopModule" Val="fpglappy"/>
      <Option Name="TopAutoSet" Val="TRUE"/>
    </Config>
  </FileSet>
  <FileSet Name="constrs_in" Type="Constrs" RelSrcDir="$PSRCDIR/constrs_1">
    <Filter Type="Constrs"/>
    <File Path="$PSRCDIR/constrs_1/imports/carAlarm/Nexys4DDR_Master_lab4.xdc">
      <FileInfo>
        <Attr Name="ImportPath" Val="$PPRDIR/../../../lab_04/carAlarm/carAlarm.srcs/constrs_1/imports/carAlarm/Nexys4DDR_Master_lab4.xdc"/>
        <Attr Name="ImportTime" Val="1444334024"/>
        <Attr Name="UsedIn" Val="synthesis"/>
        <Attr Name="UsedIn" Val="implementation"/>
      </FileInfo>
    </File>
    <Config>
      <Option Name="ConstrsType" Val="XDC"/>
    </Config>
  </FileSet>
  <Strategy Version="1" Minor="2">
    <StratHandle Name="Vivado Implementation Defaults" Flow="Vivado Implementation 2015"/>
    <Step Id="init_design"/>
    <Step Id="opt_design"/>
    <Step Id="power_opt_design"/>
    <Step Id="place_design"/>
    <Step Id="post_place_power_opt_design"/>
    <Step Id="phys_opt_design"/>
    <Step Id="route_design"/>
    <Step Id="post_route_phys_opt_design"/>
    <Step Id="write_bitstream"/>
  </Strategy>
</GenRun>
